epoch,time,train/box_loss,train/cls_loss,train/dfl_loss,metrics/precision(B),metrics/recall(B),metrics/mAP50(B),metrics/mAP50-95(B),val/box_loss,val/cls_loss,val/dfl_loss,lr/pg0,lr/pg1,lr/pg2
1,65.3643,1.47748,2.27821,1.7165,0.96655,1,0.99203,0.45899,1.40156,2.78558,1.6137,0.000649573,0.000649573,0.000649573
2,123.23,1.23096,1.51313,1.4537,0.89609,0.77778,0.9109,0.32375,1.90199,2.30116,2.30672,0.00131535,0.00131535,0.00131535
3,178.65,1.30145,1.49821,1.50815,0.95161,0.94444,0.9809,0.67564,1.14362,2.03946,1.45767,0.00197753,0.00197753,0.00197753
4,234.001,1.30964,1.42632,1.51431,0.88994,0.97222,0.96741,0.29857,2.31238,3.07847,2.50812,0.00198781,0.00198781,0.00198781
5,290.23,1.26916,1.31608,1.49161,0.51932,0.90044,0.76963,0.25615,1.97856,3.50894,2.54404,0.00197837,0.00197837,0.00197837
6,345.4,1.25283,1.24365,1.46718,0.99645,1,0.995,0.55454,1.50013,1.40493,1.65862,0.00196627,0.00196627,0.00196627
7,399.7,1.16296,1.12303,1.36243,0.9973,1,0.995,0.59533,1.60715,1.30575,1.99459,0.00195155,0.00195155,0.00195155
8,454.219,1.13953,1.05333,1.35951,0.99738,1,0.995,0.71718,1.19077,0.91403,1.46721,0.00193424,0.00193424,0.00193424
9,508.732,1.12399,0.97036,1.35006,0.99802,1,0.995,0.72142,1.19429,0.81884,1.32476,0.00191441,0.00191441,0.00191441
10,568.785,1.11386,0.92854,1.34948,0.99128,1,0.995,0.67071,1.41666,1.0877,1.58603,0.0018921,0.0018921,0.0018921
11,629.389,1.09024,0.90032,1.33101,0.99727,1,0.995,0.69976,1.27282,0.74126,1.43764,0.00186737,0.00186737,0.00186737
12,687.267,1.07535,0.84568,1.33647,0.99761,1,0.995,0.57143,1.49115,0.95198,1.49352,0.00184028,0.00184028,0.00184028
13,745.048,1.02959,0.82235,1.27753,0.99844,1,0.995,0.71643,1.07647,0.64131,1.19167,0.00181093,0.00181093,0.00181093
14,801.002,0.99012,0.77227,1.26774,0.98816,1,0.995,0.64251,1.43209,0.87558,1.58171,0.00177937,0.00177937,0.00177937
15,857.034,1.01386,0.77956,1.3007,0.99759,1,0.995,0.77991,1.00113,0.65504,1.27513,0.00174571,0.00174571,0.00174571
16,912.722,0.93934,0.75412,1.23985,0.99816,1,0.995,0.65078,1.37424,0.6175,1.43467,0.00171004,0.00171004,0.00171004
17,968.728,0.94231,0.74821,1.24983,0.99819,1,0.995,0.80365,0.91543,0.57753,1.19926,0.00167244,0.00167244,0.00167244
18,1024.17,0.95849,0.74054,1.27068,0.99656,1,0.995,0.80268,0.84833,0.5899,1.05959,0.00163303,0.00163303,0.00163303
19,1083.23,0.90173,0.70496,1.22286,0.99793,1,0.995,0.80464,0.90006,0.76319,1.19004,0.00159191,0.00159191,0.00159191
20,1143,0.91104,0.69964,1.22126,0.99735,1,0.995,0.72811,1.02225,0.58799,1.32213,0.00154919,0.00154919,0.00154919
21,1199.7,0.92115,0.7044,1.23418,0.99754,1,0.995,0.709,1.18406,0.54219,1.33851,0.001505,0.001505,0.001505
22,1255.95,0.89443,0.67019,1.22534,0.99813,1,0.995,0.69348,1.14947,0.51386,1.35964,0.00145945,0.00145945,0.00145945
23,1311.07,0.88677,0.64575,1.19543,0.99814,1,0.995,0.73681,1.18064,0.5781,1.35196,0.00141267,0.00141267,0.00141267
24,1366.75,0.81952,0.59314,1.15093,0.99834,1,0.995,0.73937,1.07069,0.4972,1.24817,0.00136478,0.00136478,0.00136478
25,1421.93,0.85484,0.60194,1.16929,0.99803,1,0.995,0.782,0.89053,0.43991,1.14621,0.00131593,0.00131593,0.00131593
26,1476.86,0.84015,0.59132,1.1761,0.99829,1,0.995,0.74725,0.99006,0.4665,1.20353,0.00126623,0.00126623,0.00126623
27,1534.54,0.82003,0.58281,1.13568,0.99837,1,0.995,0.82849,0.73241,0.43611,0.96942,0.00121583,0.00121583,0.00121583
28,1593.04,0.8384,0.57325,1.18171,0.99822,1,0.995,0.79447,0.85482,0.4701,1.06762,0.00116487,0.00116487,0.00116487
29,1650.66,0.83834,0.58948,1.17395,0.99836,1,0.995,0.83123,0.6182,0.4078,0.89969,0.00111348,0.00111348,0.00111348
30,1709.35,0.82045,0.58142,1.17492,0.99829,1,0.995,0.75279,1.06213,0.45222,1.18238,0.00106181,0.00106181,0.00106181
31,1768.04,0.78442,0.56463,1.16505,0.99592,1,0.995,0.82942,0.78501,0.39233,1.00975,0.00101,0.00101,0.00101
32,1833.94,0.76443,0.55677,1.12635,0.99806,1,0.995,0.80467,0.78478,0.40933,0.99364,0.000958187,0.000958187,0.000958187
33,1892.88,0.79078,0.5595,1.14918,0.99831,1,0.995,0.81833,0.79322,0.37136,0.99831,0.000906517,0.000906517,0.000906517
34,1950.23,0.76796,0.55041,1.13171,0.99837,1,0.995,0.84291,0.59193,0.33293,0.8756,0.00085513,0.00085513,0.00085513
35,2007.62,0.78398,0.54783,1.1554,0.99842,1,0.995,0.80474,0.84152,0.41505,0.99139,0.000804167,0.000804167,0.000804167
36,2065.06,0.74871,0.52388,1.13577,0.99836,1,0.995,0.86153,0.7684,0.44414,0.99696,0.000753769,0.000753769,0.000753769
37,2121.78,0.72132,0.50066,1.10047,0.99847,1,0.995,0.89299,0.58371,0.39125,0.89797,0.000704073,0.000704073,0.000704073
38,2178.76,0.72539,0.50229,1.11892,0.9985,1,0.995,0.80326,0.83309,0.34808,1.01331,0.000655216,0.000655216,0.000655216
39,2234.82,0.72231,0.48799,1.10736,0.99847,1,0.995,0.87365,0.61151,0.39858,0.93075,0.000607331,0.000607331,0.000607331
40,2290.71,0.69371,0.48984,1.08212,0.99838,1,0.995,0.81824,0.72495,0.47808,0.99905,0.000560549,0.000560549,0.000560549
41,2344.76,0.53831,0.40591,1.05609,0.99833,1,0.995,0.89703,0.54493,0.36165,0.8666,0.000515,0.000515,0.000515
42,2399.47,0.47954,0.36708,1.03635,0.99847,1,0.995,0.8174,0.70526,0.40556,0.98521,0.000470807,0.000470807,0.000470807
43,2453.86,0.50865,0.36345,1.03921,0.99847,1,0.995,0.86589,0.55468,0.3045,0.86079,0.000428093,0.000428093,0.000428093
44,2509.71,0.50499,0.36083,1.03284,0.99851,1,0.995,0.87046,0.58601,0.34059,0.85346,0.000386973,0.000386973,0.000386973
45,2565.4,0.47844,0.34294,1.01777,0.9985,1,0.995,0.85863,0.56079,0.33597,0.85513,0.000347561,0.000347561,0.000347561
46,2620.51,0.45901,0.33386,0.99675,0.99847,1,0.995,0.89593,0.4297,0.34953,0.7944,0.000309964,0.000309964,0.000309964
47,2675.56,0.46945,0.33268,1.02002,0.99847,1,0.995,0.8917,0.47295,0.33464,0.88079,0.000274287,0.000274287,0.000274287
48,2730.07,0.45497,0.32468,0.99278,0.99847,1,0.995,0.8949,0.45801,0.3319,0.84099,0.000240625,0.000240625,0.000240625
49,2784.36,0.46587,0.31776,1.0121,0.99849,1,0.995,0.89412,0.45068,0.31234,0.80225,0.000209073,0.000209073,0.000209073
50,2838.68,0.40786,0.31272,0.9944,0.99851,1,0.995,0.88825,0.5158,0.3255,0.85109,0.000179716,0.000179716,0.000179716
51,2893.39,0.41775,0.31078,0.99005,0.99851,1,0.995,0.88483,0.47179,0.29697,0.8258,0.000152635,0.000152635,0.000152635
52,2950.48,0.42219,0.30893,0.99731,0.99849,1,0.995,0.89346,0.4641,0.31491,0.81519,0.000127904,0.000127904,0.000127904
53,3007.95,0.42562,0.30684,0.995,0.99852,1,0.995,0.88282,0.47618,0.35104,0.815,0.00010559,0.00010559,0.00010559
54,3062.88,0.38955,0.29384,0.97184,0.99853,1,0.995,0.89232,0.44829,0.32117,0.81829,8.57554e-05,8.57554e-05,8.57554e-05
55,3116.37,0.3912,0.29983,0.96953,0.99852,1,0.995,0.90272,0.4374,0.30524,0.81307,6.8454e-05,6.8454e-05,6.8454e-05
56,3170.52,0.40157,0.29264,0.98339,0.99853,1,0.995,0.89224,0.45532,0.29969,0.79675,5.37334e-05,5.37334e-05,5.37334e-05
57,3224.06,0.38991,0.29294,0.95239,0.99851,1,0.995,0.91639,0.39637,0.28125,0.76562,4.16339e-05,4.16339e-05,4.16339e-05
58,3280.1,0.39609,0.29584,0.98628,0.99852,1,0.995,0.92538,0.36381,0.27762,0.75679,3.21885e-05,3.21885e-05,3.21885e-05
59,3345.59,0.39974,0.29491,0.97155,0.99851,1,0.995,0.91985,0.37691,0.28567,0.76436,2.54233e-05,2.54233e-05,2.54233e-05
60,3403.28,0.40154,0.29106,0.9629,0.9985,1,0.995,0.9055,0.4017,0.29844,0.77473,2.13568e-05,2.13568e-05,2.13568e-05
